grupo,tipo,previsao,contexto,pre,estimulo 
1,EXPLI,boa,Mário colocou a chave do seu carro na gaveta. Cristina tirou a chave da gaveta sem avisar. Ele vai até a gaveta pegar sua chave.,"Enquanto ele procura a chave, ele pensa:",A chave devia estar na gaveta. 
1,EPIST,ruim,José e Sandra estão na varanda olhando para uma árvore. Os dois notam que tem um pássaro na árvore. José foi até a sala,"Enquanto ele estava na sala, ele pensa:",O pássaro na árvore devia ser um tucano. 
1,EXPLI,boa,Marta deixou seu creme na prateleira do banheiro. Pedro pegou o creme sem avisar. Ela vai até a prateleira buscar o creme.,"Enquanto ela procura o crema, ela pensa:",O creme devia estar no banheiro
1,EPIST,ruim,Pedro e sua irmã estão na plataforma esperando o ônibus. Pedro precisa ir no banheiro. Ele vai procurar pelo banheiro.,"Enquanto ele estava no banheiro, ele pensa:",O ônibus que passou devia ser o meu.
1,EXPLI,boa,André colocou o livro na prateleira. Renata pegou  sem avisar. Ele vai até a prateleira buscar o livro. ,"Enquanto ele procura o livro, ele pensa:",O livro devia estar na prateleira.
1,EPIST,ruim,"Sandra e André estão querendo ir ao shopping. No ano passado, neste dia, o shopping estava fechado. André vai em direção ao computador","Enquanto ele tecla o nome do shopping, ele pensa:",O shopping devia estar fechado.
2,EXPLI,boa,José deixou o resultado do vestibular na mesa. Sua mãe comprou um champanhe para comemorar. Ela foi buscar o resultado.,"Enquanto ela procura o resultado, ela pensa:",O resultado devia ser positivo.
2,EPIST,ruim,Maria e João estão na sala quando eles escutam um barulho no portão da casa. Maria levanta e vai até a janela da sala . Ela abre a janela,"Enquanto ela olha para fora, ele pensa:",O barulho na porta devia ser o caseiro chegando.
2,EXPLI,boa,Sandra estacionou seu carro na garagem do prédio. Seu marido pegou o carro sem avisar. Ela foi até a garagem buscar o carro.,"Enquanto ela procura o carro, ela pensa:",O carro devia estar na garagem. 
2,EPIST,ruim,Pedro e Maria estão conversando na cozinha. Ela está fazendo um bolo. Pega um pote e coloca duas xícaras do ingrediente.,"Enquanto ela põe o bolo no forno, ela pensa:",Aquilo no pote devia ser fermento.
2,EXPLI,boa,Paulo colocou o pote de sorvete no congelador. Sua irmã  pegou sem avisar. Ele vai até a geladeira buscar o pote.,"Enquanto ele procura o pote, ele pensa:",O pote devia estar no freezer.
2,EPIST,ruim,Vanessa e Yuri estavam fazendo trilha. Eles se distrairam com a paisagem e conversavam. Algo passa muito rapido no mato ao lado.,"Enquanto eles olham para o mato, ela pensa:",Aquilo que passou devia ser uma cobra.